ay,kaynak,toplam,ac,dc,chk_toplam,toplam_ort,ac_ort,dc_ort
2023-06,2024-06,5912.0,4550.0,1362.0,0.0,,,
2023-07,2024-07,7195.0,5531.0,1664.0,0.0,6553.5,5040.5,1513.0
2023-08,2024-08,8337.0,6390.0,1947.0,0.0,7766.0,5960.5,1805.5
2023-09,2024-09,9242.0,6789.0,2453.0,0.0,8789.5,6589.5,2200.0
2023-10,2024-10,9975.0,7256.0,2719.0,0.0,9608.5,7022.5,2586.0
2023-11,2024-11,10701.0,7677.0,3024.0,0.0,10338.0,7466.5,2871.5
2023-12,2024-12,11812.0,8320.0,3492.0,0.0,11256.5,7998.5,3258.0
2024-01,2024-12,13120.0,9059.0,4061.0,0.0,12466.0,8689.5,3776.5
2024-02,2025-02,15335.0,10380.0,4955.0,0.0,14227.5,9719.5,4508.0
2024-03,2025-02,16540.0,11086.0,5454.0,0.0,15937.5,10733.0,5204.5
2024-04,2025-02,17920.0,11723.0,6194.0,3.0,17230.0,11404.5,5824.0
2024-05,2025-02,19034.0,12266.0,6768.0,0.0,18477.0,11994.5,6481.0
2024-06,2025-02,20065.0,12755.0,7310.0,0.0,19549.5,12510.5,7039.0
2024-07,2025-07,21070.0,13456.0,7614.0,0.0,20567.5,13105.5,7462.0
2024-08,2025-08,22485.0,14226.0,8259.0,0.0,21777.5,13841.0,7936.5
2024-09,2025-09,23377.0,14543.0,8834.0,0.0,22931.0,14384.5,8546.5
2024-10,2025-10,24334.0,15029.0,9305.0,0.0,23855.5,14786.0,9069.5
2024-11,2025-11,25096.0,15327.0,9769.0,0.0,24715.0,15178.0,9537.0
2024-12,2025-12,26046.0,15714.0,10332.0,0.0,25571.0,15520.5,10050.5
2025-01,2026-01,26941.0,16125.0,10816.0,0.0,26493.5,15919.5,10574.0
2025-02,2026-02,28079.0,16533.0,11546.0,0.0,27510.0,16329.0,11181.0
2025-03,2026-03,28717.0,16900.0,11817.0,0.0,28398.0,16716.5,11681.5
2025-04,2026-04,29496.0,17231.0,12265.0,0.0,29106.5,17065.5,12041.0
2025-05,2026-05,30680.0,17783.0,12897.0,0.0,30088.0,17507.0,12581.0
2025-06,2026-06,31433.0,18143.0,13290.0,0.0,31056.5,17963.0,13093.5
2025-07,2026-07,32682.0,18888.0,13794.0,0.0,32057.5,18515.5,13542.0
2025-08,2026-07,33592.0,19284.0,14308.0,0.0,33137.0,19086.0,14051.0
2025-09,2026-07,35002.0,19992.0,15010.0,0.0,34297.0,19638.0,14659.0
2025-10,2026-07,36280.0,20677.0,15603.0,0.0,35641.0,20334.5,15306.5
2025-11,2026-07,37473.0,21422.0,16051.0,0.0,36876.5,21049.5,15827.0
2025-12,2026-07,38808.0,22095.0,16713.0,0.0,38140.5,21758.5,16382.0
2026-01,2026-07,39694.0,22635.0,17059.0,0.0,39251.0,22365.0,16886.0
2026-02,2026-07,40575.0,23142.0,17433.0,0.0,40134.5,22888.5,17246.0
2026-03,2026-07,41938.0,23900.0,18038.0,0.0,41256.5,23521.0,17735.5
2026-04,2026-07,43009.0,24468.0,18541.0,0.0,42473.5,24184.0,18289.5
2026-05,2026-07,44175.0,25125.0,19050.0,0.0,43592.0,24796.5,18795.5
2026-06,2026-07,45097.0,25434.0,19663.0,0.0,44636.0,25279.5,19356.5
2026-07,2026-07,46665.0,26204.0,20461.0,0.0,45881.0,25819.0,20062.0
