ay,kaynak,mwh,saat,adet,kwh_oturum,saat_oturum,chk_kwh,chk_saat,ayni_adet_baska_ay,kaynak_sok,toplam,ac,dc,chk_toplam,toplam_ort,ac_ort,dc_ort,rho
2025-01,2025-07,19198.504,999567.0,1034827.0,18.55,0.97,0.0,0.004,False,2026-01,26941.0,16125.0,10816.0,0.0,26493.5,15919.5,10574.0,0.05071070384275632
2025-02,2025-07,18686.969,1013068.0,1000155.0,18.68,1.01,0.0,0.003,False,2026-02,28079.0,16533.0,11546.0,0.0,27510.0,16329.0,11181.0,0.05479976978068581
2025-03,2025-07,21442.938,1115747.0,1190024.0,18.02,0.94,0.0,0.003,False,2026-03,28717.0,16900.0,11817.0,0.0,28398.0,16716.5,11681.5,0.05280864660316076
2025-04,2025-07,28502.791,1338556.0,1143170.0,24.93,1.17,0.0,0.001,False,2026-04,29496.0,17231.0,12265.0,0.0,29106.5,17065.5,12041.0,0.06387252179257401
2025-05,2025-07,29243.716,1394648.0,1549854.0,18.87,0.9,0.0,0.0,False,2026-05,30680.0,17783.0,12897.0,0.0,30088.0,17507.0,12581.0,0.06230147838741126
2025-06,2025-07,37648.05,1539391.0,1920138.0,19.61,0.8,0.0,0.002,False,2026-06,31433.0,18143.0,13290.0,0.0,31056.5,17963.0,13093.5,0.06884365770629516
2025-07,2025-07,45605.809,1873750.0,2242379.0,20.34,0.84,0.0,0.005,False,2026-07,32682.0,18888.0,13794.0,0.0,32057.5,18515.5,13542.0,0.07856137199705837
2025-08,2025-08,55309.381,2100228.0,2467101.0,22.42,0.85,0.0,0.002,False,2026-07,33592.0,19284.0,14308.0,0.0,33137.0,19086.0,14051.0,0.08518837241676053
2025-09,2025-09,46929.508,1965696.0,2240151.0,20.95,0.88,0.0,0.003,False,2026-07,35002.0,19992.0,15010.0,0.0,34297.0,19638.0,14659.0,0.07960268633796931
2025-10,2025-10,47429.586,2134864.0,2328190.0,20.37,0.92,0.0,0.003,False,2026-07,36280.0,20677.0,15603.0,0.0,35641.0,20334.5,15306.5,0.08050954968196891
2025-11,2025-11,50280.931,2278290.0,2366482.0,21.25,0.96,0.0,0.003,False,2026-07,37473.0,21422.0,16051.0,0.0,36876.5,21049.5,15827.0,0.0858078089478846
2025-12,2025-12,58238.02,2689270.0,2219409.0,26.24,1.21,0.0,0.001,False,2026-07,38808.0,22095.0,16713.0,0.0,38140.5,21758.5,16382.0,0.09477091844768064
2026-01,2026-02,60124.282,2787344.0,2253661.0,26.68,1.24,0.0,0.003,False,2026-07,39694.0,22635.0,17059.0,0.0,39251.0,22365.0,16886.0,0.09544801680280456
2026-02,2026-02,53423.951,2514519.0,2045509.0,26.12,1.23,0.0,0.001,False,2026-07,40575.0,23142.0,17433.0,0.0,40134.5,22888.5,17246.0,0.0932325991354072
2026-03,2026-03,67547.488,3041210.0,2621720.0,25.76,1.16,0.0,0.0,False,2026-07,41938.0,23900.0,18038.0,0.0,41256.5,23521.0,17735.5,0.09907888089058368
2026-04,2026-04,61652.189,2967679.0,2373107.0,25.98,1.25,0.0,0.0,False,2026-07,43009.0,24468.0,18541.0,0.0,42473.5,24184.0,18289.5,0.09704348332228069
2026-05,2026-05,76973.976,3152645.0,2733420.0,28.16,1.15,0.0,0.003,False,2026-07,44175.0,25125.0,19050.0,0.0,43592.0,24796.5,18795.5,0.09720650750754306
2026-06,2026-06,72530.0,3106047.0,2713335.0,26.73,1.14,0.0,0.004,False,2026-07,45097.0,25434.0,19663.0,0.0,44636.0,25279.5,19356.5,0.09664741837679601
2026-07,2026-07,89947.0,3488484.0,3332043.0,26.99,1.05,0.0,0.003,False,2026-07,46665.0,26204.0,20461.0,0.0,45881.0,25819.0,20062.0,0.10219530046522877
