ay,kaynak,mwh,saat,adet,kwh_oturum,saat_oturum,chk_kwh,chk_saat,ayni_adet_baska_ay
2025-01,2025-07,19198.504,999567.0,1034827.0,18.55,0.97,0.0,0.004,False
2025-02,2025-07,18686.969,1013068.0,1000155.0,18.68,1.01,0.0,0.003,False
2025-03,2025-07,21442.938,1115747.0,1190024.0,18.02,0.94,0.0,0.003,False
2025-04,2025-07,28502.791,1338556.0,1143170.0,24.93,1.17,0.0,0.001,False
2025-05,2025-07,29243.716,1394648.0,1549854.0,18.87,0.9,0.0,0.0,False
2025-06,2025-07,37648.05,1539391.0,1920138.0,19.61,0.8,0.0,0.002,False
2025-07,2025-07,45605.809,1873750.0,2242379.0,20.34,0.84,0.0,0.005,False
2025-08,2025-08,55309.381,2100228.0,2467101.0,22.42,0.85,0.0,0.002,False
2025-09,2025-09,46929.508,1965696.0,2240151.0,20.95,0.88,0.0,0.003,False
2025-10,2025-10,47429.586,2134864.0,2328190.0,20.37,0.92,0.0,0.003,False
2025-11,2025-11,50280.931,2278290.0,2366482.0,21.25,0.96,0.0,0.003,False
2025-12,2025-12,58238.02,2689270.0,2219409.0,26.24,1.21,0.0,0.001,False
2026-01,2026-02,60124.282,2787344.0,2253661.0,26.68,1.24,0.0,0.003,False
2026-02,2026-02,53423.951,2514519.0,2045509.0,26.12,1.23,0.0,0.001,False
2026-03,2026-03,67547.488,3041210.0,2621720.0,25.76,1.16,0.0,0.0,False
2026-04,2026-04,61652.189,2967679.0,2373107.0,25.98,1.25,0.0,0.0,False
2026-05,2026-05,76973.976,3152645.0,2733420.0,28.16,1.15,0.0,0.003,False
2026-06,2026-06,72530.0,3106047.0,2713335.0,26.73,1.14,0.0,0.004,False
2026-07,2026-07,89947.0,3488484.0,3332043.0,26.99,1.05,0.0,0.003,False
