ay,sira,il,mwh,pay
2025-07,1,İSTANBUL,10863.0,23.8
2025-07,2,ANKARA,4630.0,10.14
2025-07,3,İZMİR,3121.0,6.84
2025-07,4,BURSA,2532.0,5.55
2025-07,5,ANTALYA,1833.0,4.02
2025-07,6,BALIKESİR,1676.0,3.67
2025-07,7,MUĞLA,1521.0,3.33
2025-07,8,KOCAELİ,1344.0,2.95
2025-07,9,BOLU,1170.0,2.56
2025-07,10,KONYA,1094.0,2.4
2025-08,1,İSTANBUL,12285.0,22.21
2025-08,2,ANKARA,5732.0,10.36
2025-08,3,İZMİR,3599.0,6.51
2025-08,4,BURSA,2990.0,5.41
2025-08,5,BALIKESİR,2636.0,4.77
2025-08,6,ANTALYA,2383.0,4.31
2025-08,7,MUĞLA,1874.0,3.39
2025-08,8,KOCAELİ,1605.0,2.9
2025-08,9,BOLU,1404.0,2.54
2025-08,10,KONYA,1269.0,2.29
2025-09,1,İSTANBUL,12966.0,27.63
2025-09,2,ANKARA,6123.0,13.05
2025-09,3,İZMİR,2750.0,5.86
2025-09,4,BURSA,2570.0,5.48
2025-09,5,ANTALYA,1980.0,4.22
2025-09,6,BALIKESİR,1572.0,3.35
2025-09,7,KOCAELİ,1540.0,3.28
2025-09,8,BOLU,1137.0,2.42
2025-09,9,MUĞLA,1037.0,2.21
2025-09,10,KONYA,981.0,2.09
2025-10,1,İSTANBUL,14348.0,30.25
2025-10,2,ANKARA,7161.0,15.1
2025-10,3,İZMİR,2545.0,5.37
2025-10,4,BURSA,2484.0,5.24
2025-10,5,ANTALYA,1754.0,3.7
2025-10,6,KOCAELİ,1618.0,3.41
2025-10,7,BOLU,1147.0,2.42
2025-10,8,BALIKESİR,1110.0,2.34
2025-10,9,KONYA,920.0,1.94
2025-10,10,MERSİN,706.0,1.49
2025-11,1,İSTANBUL,14816.0,29.47
2025-11,2,ANKARA,7716.0,15.35
2025-11,3,İZMİR,2600.0,5.17
2025-11,4,BURSA,2577.0,5.13
2025-11,5,ANTALYA,1728.0,3.44
2025-11,6,KOCAELİ,1711.0,3.4
2025-11,7,BOLU,1202.0,2.39
2025-11,8,BALIKESİR,1156.0,2.3
2025-11,9,KONYA,990.0,1.97
2025-11,10,AFYONKARAHİSAR,738.0,1.47
2025-12,1,İSTANBUL,19051.0,32.71
2025-12,2,ANKARA,9668.0,16.6
2025-12,3,İZMİR,3358.0,5.77
2025-12,4,BURSA,3067.0,5.27
2025-12,5,KOCAELİ,1992.0,3.42
2025-12,6,ANTALYA,1989.0,3.42
2025-12,7,BALIKESİR,1092.0,1.88
2025-12,8,KONYA,1051.0,1.81
2025-12,9,BOLU,947.0,1.63
2025-12,10,KAYSERİ,884.0,1.52
2026-01,1,İSTANBUL,18952.0,31.52
2026-01,2,ANKARA,9737.0,16.19
2026-01,3,İZMİR,3471.0,5.77
2026-01,4,BURSA,3201.0,5.32
2026-01,5,ANTALYA,2166.0,3.6
2026-01,6,KOCAELİ,2020.0,3.36
2026-01,7,BALIKESİR,1251.0,2.08
2026-01,8,KONYA,1078.0,1.79
2026-01,9,KAYSERİ,1026.0,1.71
2026-01,10,BOLU,1010.0,1.68
2026-02,1,İSTANBUL,18150.0,33.97
2026-02,2,ANKARA,8806.0,16.48
2026-02,3,İZMİR,3120.0,5.84
2026-02,4,BURSA,2671.0,5.0
2026-02,5,KOCAELİ,1828.0,3.42
2026-02,6,ANTALYA,1764.0,3.3
2026-02,7,BALIKESİR,985.0,1.84
2026-02,8,BOLU,892.0,1.67
2026-02,9,KONYA,873.0,1.63
2026-02,10,KAYSERİ,828.0,1.55
2026-03,1,İSTANBUL,21359.0,31.62
2026-03,2,ANKARA,9914.0,14.68
2026-03,3,İZMİR,3608.0,5.34
2026-03,4,BURSA,3462.0,5.13
2026-03,5,KOCAELİ,2277.0,3.37
2026-03,6,ANTALYA,2202.0,3.26
2026-03,7,BALIKESİR,1510.0,2.24
2026-03,8,BOLU,1480.0,2.19
2026-03,9,KONYA,1276.0,1.89
2026-03,10,KAYSERİ,1101.0,1.63
2026-04,1,İSTANBUL,19651.0,31.87
2026-04,2,ANKARA,9410.0,15.26
2026-04,3,İZMİR,3604.0,5.85
2026-04,4,BURSA,3078.0,4.99
2026-04,5,ANTALYA,2210.0,3.59
2026-04,6,KOCAELİ,2094.0,3.4
2026-04,7,BALIKESİR,1367.0,2.22
2026-04,8,BOLU,1312.0,2.13
2026-04,9,KONYA,1078.0,1.75
2026-04,10,SAKARYA,917.0,1.49
2026-05,1,İSTANBUL,19514.0,25.35
2026-05,2,ANKARA,9972.0,12.96
2026-05,3,İZMİR,4410.0,5.73
2026-05,4,BURSA,3901.0,5.07
2026-05,5,ANTALYA,2867.0,3.72
2026-05,6,BALIKESİR,2449.0,3.18
2026-05,7,KOCAELİ,2335.0,3.03
2026-05,8,BOLU,2008.0,2.61
2026-05,9,KONYA,1725.0,2.24
2026-05,10,MUĞLA,1461.0,1.9
2026-06,1,İSTANBUL,20902.0,28.82
2026-06,2,ANKARA,9884.0,13.63
2026-06,3,İZMİR,4624.0,6.37
2026-06,4,BURSA,3796.0,5.23
2026-06,5,ANTALYA,3028.0,4.18
2026-06,6,KOCAELİ,2398.0,3.31
2026-06,7,BALIKESİR,2110.0,2.91
2026-06,8,BOLU,1559.0,2.15
2026-06,9,MUĞLA,1449.0,2.0
2026-06,10,KONYA,1295.0,1.79
2026-07,1,İSTANBUL,20602.0,22.9
2026-07,2,ANKARA,9749.0,10.84
2026-07,3,İZMİR,5958.0,6.62
2026-07,4,BURSA,4673.0,5.19
2026-07,5,ANTALYA,4329.0,4.81
2026-07,6,BALIKESİR,3755.0,4.17
2026-07,7,MUĞLA,3039.0,3.38
2026-07,8,KOCAELİ,2583.0,2.87
2026-07,9,BOLU,2055.0,2.28
2026-07,10,KONYA,2016.0,2.24
