eps,verim,esitlik,sifir_erisim_ilce,sifir_erisim_nufus,yeni_ist_medyan_SEGE,butce_mevcut_soket,butce_yeni_istasyon,yeni_istasyon_sayisi,merkez_pay_%,gap_%,amac,en_iyi_sinir,sure_sn,yeni_istasyon_butce_payi_%,merkez_pay_eski_%
0.0,53473.30624072703,0.0,9,86394.99999999999,,100000000.0,0.0,0,87.04,0.0,53473.306240726815,53473.30624072685,2.6710000038146973,0.0,87.04
3.2062473739337582e-06,53248.02891332371,3.2062473739337582e-06,0,0.0,-0.911,95192000.0,4802000.0,49,82.78096685801148,0.0414912618316195,53248.02891332346,53270.12219242007,3.748999834060669,4.802,82.78096685801148
6.4124947478675164e-06,53224.86901169411,6.4124947478675164e-06,0,0.0,-0.875,94704000.0,5292000.0,54,82.27529101164046,0.0376870739629373,53224.86901169383,53244.927907444944,4.138999938964844,5.292,82.27529101164046
9.618742121801274e-06,53192.02861363009,9.618742121801274e-06,0,0.0,-0.852,94016000.0,5978000.0,61,81.72490349420966,0.0458280149373589,53192.0286136298,53216.40546444833,4.168999910354614,5.978,81.72490349420966
1.2824989495735031e-05,53147.7647641209,1.2824989495735031e-05,0,0.0,-0.852,93040000.0,6958000.0,71,80.68961379227585,0.0443456761439081,53147.76476412064,53171.333499760665,3.455999851226806,6.958,80.68961379227585
1.603123686966879e-05,53124.23296800531,1.603123686966879e-05,0,0.0,-0.8494999999999999,92552000.0,7448000.0,76,80.2,0.047266582575293,53124.23296800508,53149.3429774484,3.630999803543091,7.448,80.2
1.923748424360255e-05,53096.615283368286,1.923748424360255e-05,0,0.0,-0.833,92056000.0,7944000.0,80,79.768,0.0,53096.61528336822,53096.61528336824,9.348000049591064,7.944,79.768
2.2443731617536307e-05,53061.68316134243,2.2443731617536307e-05,0,0.0,-0.835,91080000.0,8918000.0,91,78.87357747154942,0.045361212696297,53061.6831613423,53085.75258430135,3.7810001373291016,8.918,78.87357747154942
2.5649978991470062e-05,53032.70493634124,2.5649978991470062e-05,0,0.0,-0.837,90472000.0,9506000.0,97,78.36123947268399,0.0441912445010008,53032.70493634108,53056.14074864499,3.625999927520752,9.506,78.36123947268399
2.8856226365403824e-05,53011.78586336444,2.8856226365403824e-05,0,0.0,-0.831,90096000.0,9898000.0,101,78.09468568114087,0.0435099462886743,53011.78586336426,53034.85126292008,3.184000015258789,9.898,78.04468268096086
3.206247373933758e-05,52988.703841071656,3.206247373933758e-05,0,0.0,-0.8274999999999999,89608000.0,10388000.0,106,77.73310932437298,0.0405377372575728,52988.70384107139,53010.18426261067,3.240999937057495,10.388,77.68310732429298
3.526872111327134e-05,52963.5250859037,3.526872111327134e-05,0,0.0,-0.8274999999999999,89168000.0,10832000.0,110,77.362,0.0483447308558511,52963.52508590343,52989.13015955798,4.361999988555908,10.832,77.312
