il,mgm_rakim,lat,lon,rakim_kaynagi,dem_ham,ag_z,ag_mesafe_km,sifir_rakim
Adana,20.0,36.9838,35.298,MGM il sayfasi,21.085969924926758,22.141090393066406,0.03957696458559997,False
Adıyaman,672.0,37.7553,38.2775,MGM il sayfasi,664.0609130859375,664.0609130859375,0.06268810609490769,False
Afyonkarahisar,1034.0,38.738,30.5604,MGM il sayfasi,1033.146484375,1036.318603515625,0.04035842344065448,False
Ağrı,1646.0,39.7253,43.0522,MGM il sayfasi,1640.4267578125,1638.325439453125,0.037915737786669096,False
Aksaray,970.0,38.3705,33.9987,MGM il sayfasi,959.5349731445312,960.2259521484375,0.04979914292191081,False
Amasya,409.0,40.6668,35.8353,MGM il sayfasi,407.3280944824219,392.04852294921875,0.06967022885491395,False
Ankara,891.0,39.9727,32.8637,MGM il sayfasi,891.2958374023438,853.33544921875,0.0915225400876893,False
Antalya,47.0,36.8851,30.6828,MGM il sayfasi,45.9730110168457,37.01081085205078,0.034935690210580427,False
Ardahan,1827.0,41.1061,42.7055,MGM il sayfasi,1812.982666015625,1809.41650390625,0.04444637051800173,False
Artvin,613.0,41.1752,41.8187,MGM il sayfasi,626.1583251953125,528.5322265625,0.2350547320750873,False
Aydın,56.0,37.8402,27.8379,MGM il sayfasi,56.22752380371094,55.592132568359375,0.07684487488843422,False
Balıkesir,110.0,39.6551,27.9207,MGM il sayfasi,110.9806900024414,109.9891128540039,0.23283108667084004,False
Bartın,33.0,41.6248,32.3569,MGM il sayfasi,33.977149963378906,36.05287170410156,0.048613900963189696,False
Batman,610.0,37.8636,41.1562,MGM il sayfasi,615.16845703125,616.8153076171875,0.10192380907497493,False
Bayburt,1584.0,40.2547,40.2207,MGM il sayfasi,1577.594482421875,1577.594482421875,0.038513211309671135,False
Bilecik,539.0,40.1414,29.9772,MGM il sayfasi,535.41845703125,537.0457763671875,0.0875402403547794,False
Bingöl,1139.0,38.8847,40.5007,MGM il sayfasi,1142.6556396484375,1141.35107421875,0.0704935718410312,False
Bitlis,1789.0,38.475,42.1625,MGM il sayfasi,1789.495849609375,1793.814208984375,0.118846358745586,False
Bolu,743.0,40.7329,31.6022,MGM il sayfasi,738.0065307617188,738.0065307617188,0.01943601771329853,False
Burdur,957.0,37.722,30.294,MGM il sayfasi,961.7371215820312,951.7315063476562,0.318880106575786,False
Bursa,100.0,40.2308,29.0133,MGM il sayfasi,99.96710968017578,98.85598754882812,0.0512657111267865,False
Çanakkale,6.0,40.141,26.3993,MGM il sayfasi,0.0,3.33794903755188,0.2222368121978543,False
Çankırı,755.0,40.6082,33.6102,MGM il sayfasi,745.8504638671875,736.7221069335938,0.14134101104312244,False
Çorum,776.0,40.5461,34.9362,MGM il sayfasi,773.1354370117188,773.6969604492188,0.027914113285148888,False
Denizli,425.0,37.762,29.0921,MGM il sayfasi,425.7572326660156,426.4674377441406,0.067675384497238,False
Diyarbakır,674.0,37.9094,40.2133,MGM il sayfasi,673.2913208007812,672.9154663085938,0.008549375999454866,False
Düzce,146.0,40.8437,31.1488,MGM il sayfasi,146.71189880371094,146.97540283203125,0.03954329354689252,False
Edirne,51.0,41.6767,26.5508,MGM il sayfasi,49.5499267578125,51.590965270996094,0.02302966559770128,False
Elazığ,881.0,38.6058,39.2973,MGM il sayfasi,882.1286010742188,881.2171630859375,0.4043639066444727,False
Erzincan,1216.0,39.7523,39.4868,MGM il sayfasi,1217.885986328125,1217.251953125,0.02995004217008351,False
Erzurum,1860.0,39.9058,41.2544,MGM il sayfasi,1864.2269287109375,1863.4124755859375,0.11176584604927027,False
Eskişehir,801.0,39.7656,30.5502,MGM il sayfasi,799.2787475585938,805.0933837890625,0.04846209681811926,False
Gaziantep,700.0,36.9468,37.4617,MGM il sayfasi,703.5115966796875,702.4664306640625,0.0024158985043365292,False
Giresun,38.0,40.9227,38.3878,MGM il sayfasi,24.055362701416016,38.630958557128906,0.04439966696473158,False
Gümüşhane,1216.0,40.4598,39.4653,MGM il sayfasi,1214.5321044921875,1226.5439453125,0.03179876097365738,False
Hakkari,1727.0,37.5744,43.7388,MGM il sayfasi,1721.06640625,1709.35791015625,0.07577686057982216,False
Hatay,82.0,36.3615,36.2829,MGM il sayfasi,76.88980102539062,77.3134765625,0.37214011574849926,False
Iğdır,856.0,39.9227,44.0523,MGM il sayfasi,859.6160888671875,860.4680786132812,0.23245060508288398,False
Isparta,997.0,37.7848,30.7679,MGM il sayfasi,1659.8902587890625,1264.040771484375,4.652631809828164,False
İstanbul,33.0,40.9819,28.8208,MGM il sayfasi,37.81300354003906,30.825252532958984,0.10524050141520365,False
İzmir,29.0,38.4049,27.1895,MGM il sayfasi,279.3544006347656,280.4454040527344,0.012057511405894113,False
Kahramanmaraş,572.0,37.576,36.915,MGM ilce sayfasi il=Kahramanmaraş&ilce=Onikişubat (ayni koordinat),574.5524291992188,574.5524291992188,0.03784016197719333,False
Karabük,485.0,41.2327,32.6294,MGM il sayfasi,470.5686950683594,472.3267517089844,0.04445661351117815,False
Karaman,1018.0,37.1932,33.2202,MGM il sayfasi,1021.2254028320312,1021.2462768554688,0.034451285720742554,False
Kars,1795.0,40.6042,43.1073,MGM il sayfasi,1759.664794921875,1754.141357421875,0.2956701062133948,False
Kastamonu,800.0,41.371,33.7756,MGM il sayfasi,801.0084228515625,789.388427734375,0.07734826643310026,False
Kayseri,1094.0,38.687,35.5,MGM il sayfasi,1099.869140625,1099.8154296875,0.02804103545783066,False
Kırıkkale,751.0,39.8433,33.5181,MGM il sayfasi,745.595947265625,746.7568359375,0.037849694937984665,False
Kırklareli,232.0,41.7382,27.2178,MGM il sayfasi,230.9075469970703,233.48873901367188,0.0457376334598684,False
Kırşehir,1007.0,39.1639,34.1561,MGM il sayfasi,1007.2174682617188,1003.7117309570312,0.05865390002384073,False
Kilis,640.0,36.7085,37.1123,MGM il sayfasi,637.5258178710938,638.0684814453125,0.048142952420909435,False
Kocaeli,74.0,40.7663,29.9173,WMO OSCAR/Surface 0-792-0-17066 Kocaeli,76.93306732177734,67.96044921875,0.02476062863659203,False
Konya,1029.0,37.8687,32.4713,MGM il sayfasi,1026.140869140625,1026.5538330078125,0.02404938318381287,False
Kütahya,969.0,39.4171,29.9891,MGM il sayfasi,964.3743896484375,958.034912109375,0.12572502594490753,False
Malatya,950.0,38.35,38.25,MGM il sayfasi,919.4845581054688,928.85009765625,0.7857145217293006,False
Manisa,71.0,38.6153,27.4049,MGM il sayfasi,71.77570343017578,73.95902252197266,0.05317615586126863,False
Mardin,1040.0,37.3103,40.7284,MGM il sayfasi,1024.340087890625,1020.0982055664062,0.05334456925432154,False
Mersin,7.0,36.812,34.6411,MGM il sayfasi,9.386253356933594,9.076645851135254,0.0013583927333027219,False
Muğla,646.0,37.2095,28.3668,MGM il sayfasi,643.9254150390625,645.9658813476562,0.0670595781699803,False
Muş,1316.0,38.7509,41.5023,MGM il sayfasi,1311.74365234375,1310.234130859375,0.04389843588939764,False
Nevşehir,1260.0,38.6163,34.7025,MGM il sayfasi,1247.66845703125,1252.755615234375,0.03680193456347124,False
Niğde,1211.0,37.9587,34.6795,MGM il sayfasi,1207.403076171875,1208.607666015625,0.024471121588214892,False
Ordu,5.0,40.9838,37.8858,MGM il sayfasi,3.656738519668579,5.607900142669678,0.023481721902934276,False
Osmaniye,94.0,37.1021,36.2539,MGM il sayfasi,96.49378967285156,100.03009796142578,0.16819685472278736,False
Rize,3.0,41.04,40.5013,WMO OSCAR/Surface 0-20000-0-17040 RIZE,5.557031154632568,5.554061412811279,0.021594185704364784,False
Sakarya,30.0,40.7676,30.3934,MGM il sayfasi,31.00371551513672,31.678146362304688,0.30914281376605457,False
Samsun,4.0,41.3442,36.2564,MGM il sayfasi,1.9817014932632446,4.269696235656738,0.07559266871543809,False
Siirt,895.0,37.9319,41.9354,MGM il sayfasi,887.9849243164062,878.8038330078125,0.09376392098985638,False
Sinop,32.0,42.0299,35.1545,WMO OSCAR/Surface 0-20000-0-17026 SINOP,26.941761016845703,42.899803161621094,0.13153102354531354,False
Sivas,1294.0,39.7437,37.002,MGM il sayfasi,1289.199462890625,1285.0166015625,0.04373664325375353,False
Şanlıurfa,550.0,37.1608,38.7863,MGM il sayfasi,549.4593505859375,550.7976684570312,0.04349439020444598,False
Şırnak,1350.0,37.5209,42.4523,MGM il sayfasi,1342.7529296875,1339.87060546875,0.08330299694499381,False
Tekirdağ,4.0,40.9585,27.4965,MGM il sayfasi,1.625238060951233,1.625238060951233,0.05328274650699338,False
Tokat,611.0,40.3312,36.5577,MGM il sayfasi,602.842041015625,596.01171875,0.05136789354422398,False
Trabzon,39.0,40.9985,39.7649,MGM il sayfasi,38.31942367553711,54.85608673095703,0.04432074330961396,False
Tunceli,981.0,39.1058,39.5408,MGM il sayfasi,923.4096069335938,931.807861328125,0.21051916830131054,False
Uşak,919.0,38.6712,29.404,MGM il sayfasi,920.0877075195312,919.3533325195312,0.028440660800487128,False
Van,1675.0,38.4693,43.346,MGM il sayfasi,1666.7589111328125,1667.6563720703125,0.07076198425310137,False
Yalova,4.0,40.6589,29.2796,MGM il sayfasi,4.537527084350586,7.082393646240234,0.014265401406556287,False
Yozgat,1301.0,39.8243,34.8159,MGM il sayfasi,1300.9068603515625,1295.3544921875,0.05150184883400937,False
Zonguldak,135.0,41.4492,31.7779,MGM il sayfasi,133.18948364257812,105.08458709716797,0.20174421354703656,False
