havza,arz,sifir_erisim_nufus_%,gini_koken,gini_ilce,theil,theil_SEGE_arasi_%,spearman_SEGE_ilce
ENERJIK,NOM,1.95,0.461,0.378,0.485,15.4,0.61
ENERJIK,K1,1.95,0.41,0.353,0.396,16.1,0.61
ENERJIK,K1g,1.95,0.381,0.344,0.387,12.5,0.58
ENERJIK,NOM3,1.95,0.46,0.378,0.484,15.3,0.61
ENERJIK,K13,1.95,0.41,0.353,0.396,16.0,0.61
ENERJIK,NOM3p5,1.95,0.447,0.366,0.469,13.5,0.6
ENERJIK,K13p5,1.95,0.401,0.345,0.384,14.4,0.59
ENERJIK,NOM3p8,1.95,0.429,0.368,0.43,7.5,0.51
ENERJIK,K13p8,1.95,0.391,0.346,0.351,9.6,0.52
ENERJIK,NOM3Y25,1.95,0.46,0.378,0.484,15.4,0.61
ENERJIK,K13Y25,1.95,0.41,0.353,0.396,16.1,0.61
ENERJIK,NOM3KIS,1.95,0.46,0.378,0.484,15.3,0.61
ENERJIK,K13KIS,1.95,0.41,0.353,0.396,16.0,0.61
ENERJIK,NOM3Y26,1.95,0.46,0.378,0.484,15.4,0.61
ENERJIK,K13Y26,1.95,0.41,0.353,0.396,16.1,0.61
