pi,r,K1,K2,K3,TOP,K1_mut,K2_mut,K3_mut
p1,0,-0.0484428561343835,0.0196423713916015,-0.0008098314891,-0.029610316231882,70.3139772676247,28.51056617471027,1.1754565576650189
p1,1,-0.0484176057015178,0.0196628979565132,-0.0009592296873056,-0.0297139374323103,70.13005896087837,28.48055315938056,1.38938787974107
p1,2,-0.0484293415362118,0.0196450448003304,-0.0009220951101539,-0.0297063918460354,70.19103078991982,28.472531335539703,1.336437874540466
p1,3,-0.0484340831090122,0.0196254815043642,-0.000806355812072,-0.0296149574167199,70.33098927566795,28.49810382714632,1.170906897185714
p1,4,-0.0484393218047637,0.0196335355995012,-0.000766636965396,-0.0295724231706584,70.36559790031218,28.52074347622487,1.1136586234629322
p1,5,-0.0484449832824707,0.0196468271467566,-0.0008452481490233,-0.0296434042847374,70.27422446155086,28.499659764936805,1.2261157735123345
p1,6,-0.0484522390991243,0.0196491368290779,-0.0008360722678901,-0.0296391745379365,70.28435250649544,28.5028490947127,1.212798398791857
p1,7,-0.0484538884395638,0.019637468794793,-0.0008078287198571,-0.0296242483646279,70.32577782814907,28.501742833134248,1.1724793387166843
p1,8,-0.0484271037919854,0.0196345968477551,-0.0008767707028067,-0.0296692776470369,70.24684889132041,28.481334827099836,1.271816281579755
p1,9,-0.0484135581260803,0.0196409751751951,-0.0009247798602297,-0.0296973628111149,70.18561929244916,28.47371809749488,1.3406626100559549
p5,0,-0.0466562424775953,0.0190724829096791,-0.0107066015399054,-0.0382903611078216,61.04015558413829,24.95244499686578,14.007399418995924
p5,1,-0.0466633296068563,0.0191731488139367,-0.0108257478638617,-0.0383159286567812,60.868737927842695,25.009903498947317,14.121358573209974
p5,2,-0.0466825246934857,0.0190297865565707,-0.010303888542583,-0.037956626679498,61.41128446413854,25.03385674169595,13.55485879416552
p5,3,-0.0467532537320741,0.0189518797136898,-0.0096580337699951,-0.0374594077883794,62.03727292700292,25.147403451651726,12.81532362134536
p5,4,-0.0466896096629793,0.0190286433604342,-0.0096986999895758,-0.0373596662921209,61.90863963297187,25.23125451270465,12.86010585432348
p5,5,-0.0466762527549853,0.019266550821233,-0.0107090394980323,-0.0381187414317846,60.893842708741104,25.13514359018091,13.97101370107798
p5,6,-0.0466124377723697,0.0189652391426094,-0.0109778008201024,-0.0386249994498627,60.887135906421946,24.77319677664109,14.339667316936968
p5,7,-0.0467838033419378,0.0190055067602652,-0.0102857410155402,-0.0380640375972127,61.49690687624952,24.98257507688028,13.520518046870194
p5,8,-0.0468735167559288,0.0190093605726809,-0.0100462767101001,-0.037910432893348,61.733226649716094,25.03565437195526,13.231118978328638
p5,9,-0.0467801960753721,0.0191302877130629,-0.0102581425815516,-0.0379080509438608,61.416620339375406,25.11570527757476,13.46767438304982
p8,0,-0.0431162233927987,0.0173395844256226,-0.0243133834641215,-0.0500900224312975,50.86308214158692,20.455054676442945,28.68186318197014
p8,1,-0.0440037442206034,0.0179798157874162,-0.02237902268704,-0.0484029511202273,52.160262067439376,21.31254782989135,26.52719010266928
p8,2,-0.0439668219309392,0.0175799174662632,-0.0217070527794193,-0.0480939572440952,52.81059370564668,21.11605610585008,26.073350188503245
p8,3,-0.0437961173300094,0.0174305465945646,-0.0218635190689168,-0.0482290898043616,52.7091357271897,20.9778652141494,26.31299905866089
p8,4,-0.0437407018494795,0.0179850818342586,-0.021149753407223,-0.0469053734224439,52.77878537483422,21.701315569778902,25.51989905538688
p8,5,-0.0433324459997871,0.017850328359301,-0.0244047264113271,-0.0498868440518133,50.62940921247896,20.856232742656815,28.514358044864224
p8,6,-0.0439035376128386,0.0174727045347211,-0.0209443962409411,-0.0473752293190586,53.332358048102,21.225181044225007,25.442460907672995
p8,7,-0.0436600976148502,0.0175492731659946,-0.0219867745387186,-0.0480975989875742,52.47851020879399,21.093853685872592,26.427636105333423
p8,8,-0.0435741299881145,0.0175320816921703,-0.0233122736101321,-0.0493543219060763,51.61681098424179,20.768060018912152,27.615128996846064
p8,9,-0.0438962360525929,0.0177992290573445,-0.0230178860622004,-0.0491148930574488,51.8173764173201,21.01112612246496,27.171497460214933
